Candidate Rank,Priority Tier,Center Name,City,State/Country,Organization Type,Primary Wildlife Focus,Website URL,Link Hub URL,Facebook Handle,Facebook URL,Instagram Handle,Instagram URL,TikTok Handle,TikTok URL,YouTube Handle,YouTube URL,X / Other URL,Known Social URL Count,Verification Status,Inclusion Rationale,Source URL,Apify Search Query,FB Followers,IG Followers,TikTok Followers,YouTube Subscribers,Recent Posts 30D,Avg Engagement / Post,Last Scraped Date,Scrape Notes
1,A,The Marine Mammal Center,Sausalito,CA,Wildlife hospital,"Marine mammals; rescue, rehab, research, education",https://www.marinemammalcenter.org/,https://linktr.ee/themarinemammalcenter,@themarinemammalcenter,https://www.facebook.com/themarinemammalcenter,@themarinemammalcenter,https://www.instagram.com/themarinemammalcenter/,@themarinemammalcenter,https://www.tiktok.com/@themarinemammalcenter,@MarineMammalCenter,https://www.youtube.com/MarineMammalCenter,https://x.com/TMMC,6,Official site/Linktree confirmed; scrape for exact current metrics,One of the highest-profile wildlife hospitals; marine mammal rescue and education,https://www.marinemammalcenter.org/,"""The Marine Mammal Center"" wildlife rehabilitation official social media",,,,,,,,
2,A,International Bird Rescue,Fairfield / Los Angeles,CA,Wildlife hospital / rescue,Aquatic birds; oiled wildlife; avian emergency response,https://www.birdrescue.org/,,@intlbirdrescue,https://www.facebook.com/intlbirdrescue,@intlbirdrescue,https://www.instagram.com/intlbirdrescue/,@intl.bird.rescue,https://www.tiktok.com/@intl.bird.rescue,user/IntBirdRescue,https://www.youtube.com/user/IntBirdRescue,https://x.com/IntBirdRescue,5,High-confidence official seed; TikTok handle noted in public Facebook snippet,Global authority on aquatic bird rescue and oiled wildlife response,https://www.birdrescue.org/,"""International Bird Rescue"" wildlife rehabilitation official social media",,,,,,,,
3,A,Wildlife Center of Virginia,Waynesboro,VA,Teaching wildlife hospital,"Native wildlife; bears, raptors, reptiles, mammals; professional training",https://wildlifecenter.org/,,@wildlifecenter,https://www.facebook.com/wildlifecenter,@wildlifecenter,https://www.instagram.com/wildlifecenter/,,,@WildlifeCenterVA,https://www.youtube.com/@WildlifeCenterVA,https://x.com/WCVtweets,4,Official website and YouTube/Facebook search snippets confirmed,World-class teaching hospital with high Facebook presence and active YouTube archive,https://wildlifecenter.org/,"""Wildlife Center of Virginia"" wildlife rehabilitation official social media",,,,,,,,
4,A,Wildlife Rehabilitation Center of Minnesota,Roseville,MN,Wildlife hospital,All native wildlife; large-volume intake; education,https://wrcmn.org/,https://linktr.ee/wrcmn,@WRCMN,https://www.facebook.com/WRCMN,@wrcmn,https://www.instagram.com/wrcmn/,,,,,,3,Official website/Linktree/Facebook search snippets confirmed,Often cited as one of the busiest wildlife hospitals; major intake volume,https://wrcmn.org/,"""Wildlife Rehabilitation Center of Minnesota"" wildlife rehabilitation official social media",,,,,,,,
5,A,Lindsay Wildlife Experience / Wildlife Rehabilitation Hospital,Walnut Creek,CA,Wildlife hospital / education center,"Native birds, mammals, reptiles; education",https://lindsaywildlife.org/,,@lindsaywildlife,https://www.facebook.com/lindsaywildlife,@lindsaywildlife,https://www.instagram.com/lindsaywildlife/,@lindsaywildlife,https://www.tiktok.com/@lindsaywildlife,@LindsayWildlife,https://www.youtube.com/@LindsayWildlife,,4,High-confidence official seed; verify platform-specific URLs,Pioneer wildlife rehabilitation hospital and active public education brand,https://lindsaywildlife.org/hospital-2/,"""Lindsay Wildlife Experience / Wildlife Rehabilitation Hospital"" wildlife rehabilitation official social media",,,,,,,,
6,A,Clinic for the Rehabilitation of Wildlife (CROW),Sanibel,FL,Teaching wildlife hospital,"Native and migratory wildlife; veterinary care, research, education",https://crowclinic.org/,,@CROWClinic,https://www.facebook.com/CROWClinic,@crowclinic,https://www.instagram.com/crowclinic/,@crowclinic,https://www.tiktok.com/@crowclinic,@CROWClinic,https://www.youtube.com/@CROWClinic,https://x.com/CROWClinic,5,High-confidence official seed; verify platform-specific URLs,Teaching hospital with broad species content and strong Florida relevance,https://crowclinic.org/wildlife-hospital/,"""Clinic for the Rehabilitation of Wildlife (CROW)"" wildlife rehabilitation official social media",,,,,,,,
7,A,WildCare,San Rafael,CA,Wildlife hospital / nature education,Bay Area native wildlife; coexistence education,https://discoverwildcare.org/,https://bit.ly/m/WildCare,@WildCareBayArea,https://www.facebook.com/WildCareBayArea,@discoverwildcare,https://www.instagram.com/discoverwildcare/,@discoverwildcare,https://www.tiktok.com/@discoverwildcare,@WildCareBayArea,https://www.youtube.com/WildCareBayArea,,5,Official website and YouTube snippet confirmed; Instagram handle to verify,High-volume wildlife hospital with long education archive,https://discoverwildcare.org/,"""WildCare"" wildlife rehabilitation official social media",,,,,,,,
9,A,Southwest Virginia Wildlife Center of Roanoke,Roanoke,VA,Wildlife hospital,Western Virginia native wildlife; veterinary treatment; live feeds,https://swvawildlifecenter.org/,https://linktr.ee/swvawildlifecenter,@SWVAWILDLIFE,https://www.facebook.com/SWVAWILDLIFE,@swvawildlifecenter,https://www.instagram.com/swvawildlifecenter/,@swvawildlifecenter,https://www.tiktok.com/@swvawildlifecenter,@swvawildlife,https://www.youtube.com/@swvawildlife,https://x.com/SWVAWildlife,6,Official website/Linktree/search snippets confirmed,Virginia example supplied; strong Facebook activity and live-feed potential,https://swvawildlifecenter.org/,"""Southwest Virginia Wildlife Center of Roanoke"" wildlife rehabilitation official social media",,,,,,,,
10,A,San Diego Humane Society Project Wildlife,San Diego,CA,Wildlife rehab program,Native wildlife rehabilitation under SDHS; education,https://www.sdhumane.org/programs/project-wildlife/,,@SanDiegoHumaneSociety,https://www.facebook.com/SanDiegoHumaneSociety,@sandiegohumane,https://www.instagram.com/sandiegohumane/,@sandiegohumane,https://www.tiktok.com/@sandiegohumane,@SanDiegoHumaneSociety,https://www.youtube.com/@SanDiegoHumaneSociety,https://x.com/sdhumane,5,Uses parent-organization social accounts; tag/filter Project Wildlife posts,Large institutional wildlife program; useful for high-volume rescue education content,https://www.sdhumane.org/programs/project-wildlife/,"""San Diego Humane Society Project Wildlife"" wildlife rehabilitation official social media",,,,,,,,
11,A,California Wildlife Center,Malibu / Calabasas,CA,Wildlife hospital / rescue,Native California wildlife; marine mammal response; hospital care,https://cawildlife.org/,,@CalWildlife,https://www.facebook.com/CalWildlife,@californiawildlifecenter,https://www.instagram.com/californiawildlifecenter/,@californiawildlifecenter,https://www.tiktok.com/@californiawildlifecenter,@CaliforniaWildlifeCenter,https://www.youtube.com/@CaliforniaWildlifeCenter,,4,High-confidence official seed; verify platform-specific URLs,Large Southern California wildlife hospital/rescue with public education,https://cawildlife.org/,"""California Wildlife Center"" wildlife rehabilitation official social media",,,,,,,,
12,A,Austin Wildlife Rescue,Austin,TX,Wildlife rehabilitation center,Central Texas native wildlife; intake and rehab; education,https://www.austinwildliferescue.org/,,@austinwildliferescue,https://www.facebook.com/austinwildliferescue,@austinwildliferescue,https://www.instagram.com/austinwildliferescue/,@austinwildliferescue,https://www.tiktok.com/@austinwildliferescue,@AustinWildlifeRescue,https://www.youtube.com/@AustinWildlifeRescue,,4,High-confidence official seed; verify platform-specific URLs,Active urban wildlife rehab with high education value,https://www.austinwildliferescue.org/,"""Austin Wildlife Rescue"" wildlife rehabilitation official social media",,,,,,,,
13,A,PAWS Wildlife Center,Lynnwood / Snohomish,WA,Wildlife center,Native wildlife rehabilitation; companion animal nonprofit parent,https://www.paws.org/wildlife/,,@PAWSWA,https://www.facebook.com/PAWSWA,@paws_wa,https://www.instagram.com/paws_wa/,@paws_wa,https://www.tiktok.com/@paws_wa,@PAWSWA,https://www.youtube.com/@PAWSWA,https://x.com/paws_wa,5,Uses parent-organization social accounts; filter wildlife content,Major Pacific Northwest wildlife rehabilitation program,https://www.paws.org/wildlife/,"""PAWS Wildlife Center"" wildlife rehabilitation official social media",,,,,,,,
14,A,Greenwood Wildlife Rehabilitation Center,Lyons,CO,Wildlife rehabilitation center,"Birds, waterfowl, mammals; Colorado Front Range",https://www.greenwoodwildlife.org/,,@GreenwoodWildlife,https://www.facebook.com/GreenwoodWildlife,@greenwoodwildlife,https://www.instagram.com/greenwoodwildlife/,@greenwoodwildlife,https://www.tiktok.com/@greenwoodwildlife,@GreenwoodWildlife,https://www.youtube.com/@GreenwoodWildlife,,4,Official website confirmed; social seed to verify,"Only center treating birds, waterfowl, and mammals across much of Front Range",https://www.greenwoodwildlife.org/,"""Greenwood Wildlife Rehabilitation Center"" wildlife rehabilitation official social media",,,,,,,,
15,A,South Florida Wildlife Center,Fort Lauderdale,FL,Wildlife hospital / rehabilitation,"South Florida native wildlife; rescue, rehab, education",https://www.southfloridawildlifecenter.org/,https://linktr.ee/southfloridawildlifecenter,@southfloridawildlifecenter,https://www.facebook.com/southfloridawildlifecenter,@southfloridawildlifecenter,https://www.instagram.com/southfloridawildlifecenter/,@southfloridawildlifecenter,https://www.tiktok.com/@southfloridawildlifecenter,@southfloridawildlifecenter,https://www.youtube.com/@southfloridawildlifecenter,,5,Linktree search snippet confirmed,Large urban wildlife hospital with broad species education,https://www.southfloridawildlifecenter.org/,"""South Florida Wildlife Center"" wildlife rehabilitation official social media",,,,,,,,
16,A,Pelican Harbor Seabird Station,Miami,FL,Wildlife hospital / seabird rescue,Native wildlife and seabirds; Biscayne Bay region,https://www.pelicanharbor.org/,,@PelicanHarbor,https://www.facebook.com/PelicanHarbor,@pelicanharbor,https://www.instagram.com/pelicanharbor/,@pelicanharbor,https://www.tiktok.com/@pelicanharbor,@PelicanHarbor,https://www.youtube.com/@PelicanHarbor,,4,High-confidence official seed; verify platform-specific URLs,Strong rescue/rehab education account; marine and urban wildlife focus,https://www.pelicanharbor.org/,"""Pelican Harbor Seabird Station"" wildlife rehabilitation official social media",,,,,,,,
17,A,Florida Keys Wild Bird Center,Tavernier,FL,Wild bird hospital / sanctuary,"Wild birds; rescue, rehab, education",https://www.keepthemflying.org/,,@flkeyswildbird,https://www.facebook.com/flkeyswildbird,@flkeyswildbirdcenter,https://www.instagram.com/flkeyswildbirdcenter/,@flkeyswildbirdcenter,https://www.tiktok.com/@flkeyswildbirdcenter,@flkeyswildbirdcenter,https://www.youtube.com/@flkeyswildbirdcenter,,4,High-confidence official seed; verify platform-specific URLs,Recognizable bird rescue/rehab brand with education content,https://www.keepthemflying.org/,"""Florida Keys Wild Bird Center"" wildlife rehabilitation official social media",,,,,,,,
18,A,Florida Wildlife Hospital,Palm Shores,FL,Wildlife hospital,Native Florida wildlife; medical care and rehabilitation,https://floridawildlifehospital.org/,,@FloridaWildlifeHospital,https://www.facebook.com/FloridaWildlifeHospital,@floridawildlifehospital,https://www.instagram.com/floridawildlifehospital/,@floridawildlifehospital,https://www.tiktok.com/@floridawildlifehospital,@FloridaWildlifeHospital,https://www.youtube.com/@FloridaWildlifeHospital,,4,Official website confirmed; social seed to verify,High-volume wildlife hospital with patient education content,https://floridawildlifehospital.org/,"""Florida Wildlife Hospital"" wildlife rehabilitation official social media",,,,,,,,
19,A,Busch Wildlife Sanctuary,Jupiter,FL,Wildlife rehab / sanctuary,"Native wildlife rehabilitation, sanctuary, education",https://buschwildlife.org/,,@BuschWildlifeSanctuary,https://www.facebook.com/BuschWildlifeSanctuary,@buschwildlife,https://www.instagram.com/buschwildlife/,@buschwildlife,https://www.tiktok.com/@buschwildlife,@BuschWildlife,https://www.youtube.com/@BuschWildlife,,4,High-confidence official seed; verify platform-specific URLs,Prominent Florida rescue/rehab/sanctuary with active education presence,https://buschwildlife.org/,"""Busch Wildlife Sanctuary"" wildlife rehabilitation official social media",,,,,,,,
20,A,Carolina Raptor Center,Huntersville,NC,Raptor hospital / education center,Raptors; rehabilitation; conservation education,https://carolinaraptorcenter.org/,,@CarolinaRaptorCenter,https://www.facebook.com/CarolinaRaptorCenter,@carolinaraptorcenter,https://www.instagram.com/carolinaraptorcenter/,@carolinaraptorcenter,https://www.tiktok.com/@carolinaraptorcenter,@CarolinaRaptorCenter,https://www.youtube.com/@CarolinaRaptorCenter,https://x.com/CLTRaptorCenter,5,High-confidence official seed; verify platform-specific URLs,High-profile raptor hospital with education-friendly content,https://carolinaraptorcenter.org/,"""Carolina Raptor Center"" wildlife rehabilitation official social media",,,,,,,,
21,A,Carolina Wildlife Center,Columbia,SC,Wildlife rehabilitation center,"South Carolina native wildlife; rescue, rehab, education",https://carolinawildlife.org/,,@carolinawildlife,https://www.facebook.com/carolinawildlife,@carolinawildlifecenter,https://www.instagram.com/carolinawildlifecenter/,@carolinawildlifecenter,https://www.tiktok.com/@carolinawildlifecenter,@CarolinaWildlifeCenter,https://www.youtube.com/@CarolinaWildlifeCenter,,4,High-confidence official seed; verify platform-specific URLs,Statewide native wildlife rehab relevance with broad species content,https://carolinawildlife.org/,"""Carolina Wildlife Center"" wildlife rehabilitation official social media",,,,,,,,
22,A,New England Wildlife Center,Weymouth,MA,Wildlife hospital / education center,Wildlife veterinary care; education; training,https://www.newildlife.org/,,@NewEnglandWildlifeCenter,https://www.facebook.com/NewEnglandWildlifeCenter,@newenglandwildlifecenter,https://www.instagram.com/newenglandwildlifecenter/,@newenglandwildlifecenter,https://www.tiktok.com/@newenglandwildlifecenter,@NewEnglandWildlifeCenter,https://www.youtube.com/@NewEnglandWildlifeCenter,,4,High-confidence official seed; verify platform-specific URLs,Regional wildlife hospital with strong veterinary education orientation,https://www.newildlife.org/,"""New England Wildlife Center"" wildlife rehabilitation official social media",,,,,,,,
23,A,Cape Wildlife Center,Barnstable,MA,Wildlife hospital / rehabilitation,Cape Cod native wildlife; veterinary care,https://www.capewildlifecenter.com/,,@CapeWildlifeCenter,https://www.facebook.com/CapeWildlifeCenter,@capewildlifecenter,https://www.instagram.com/capewildlifecenter/,@capewildlifecenter,https://www.tiktok.com/@capewildlifecenter,@CapeWildlifeCenter,https://www.youtube.com/@CapeWildlifeCenter,,4,High-confidence official seed; verify platform-specific URLs,Prominent Massachusetts wildlife hospital; useful seasonal patient content,https://www.capewildlifecenter.com/,"""Cape Wildlife Center"" wildlife rehabilitation official social media",,,,,,,,
24,A,Center for Wildlife,Cape Neddick,ME,Wildlife medical clinic / education,"New England native wildlife; clinic, education, research",https://www.thecenterforwildlife.org/,,@centerforwildlife,https://www.facebook.com/centerforwildlife,@centerforwildlifemaine,https://www.instagram.com/centerforwildlifemaine/,@centerforwildlife,https://www.tiktok.com/@centerforwildlife,@CenterforWildlife,https://www.youtube.com/@CenterforWildlife,,4,High-confidence official seed; verify platform-specific URLs,Active education account with clinic/patient content,https://www.thecenterforwildlife.org/,"""Center for Wildlife"" wildlife rehabilitation official social media",,,,,,,,
25,A,Wild Bird Fund,New York,NY,Wildlife rehabilitation center,NYC wild birds and small wildlife; hospital care,https://www.wildbirdfund.org/,,@wildbirdfund,https://www.facebook.com/wildbirdfund,@wildbirdfund,https://www.instagram.com/wildbirdfund/,@wildbirdfund,https://www.tiktok.com/@wildbirdfund,@WildBirdFund,https://www.youtube.com/@WildBirdFund,https://x.com/wildbirdfund,5,High-confidence official seed; verify platform-specific URLs,Urban wildlife hospital with high educational value and strong social presence,https://www.wildbirdfund.org/,"""Wild Bird Fund"" wildlife rehabilitation official social media",,,,,,,,
26,B,The Raptor Trust,Millington,NJ,Raptor rehabilitation / education,"Wild birds, raptors; rehabilitation and education",https://theraptortrust.org/,,@TheRaptorTrust,https://www.facebook.com/TheRaptorTrust,@theraptortrust,https://www.instagram.com/theraptortrust/,@theraptortrust,https://www.tiktok.com/@theraptortrust,@TheRaptorTrust,https://www.youtube.com/@TheRaptorTrust,,4,High-confidence official seed; verify platform-specific URLs,Longstanding bird hospital; strong raptor education archive,https://theraptortrust.org/,"""The Raptor Trust"" wildlife rehabilitation official social media",,,,,,,,
27,B,Tri-State Bird Rescue & Research,Newark,DE,Bird rescue / research center,Oiled wildlife response; wild bird rehabilitation,https://tristatebird.org/,,@TriStateBirdRescue,https://www.facebook.com/TriStateBirdRescue,@tristatebirdrescue,https://www.instagram.com/tristatebirdrescue/,@tristatebirdrescue,https://www.tiktok.com/@tristatebirdrescue,@TriStateBirdRescue,https://www.youtube.com/@TriStateBirdRescue,https://x.com/TriStateBird,5,High-confidence official seed; verify platform-specific URLs,Authoritative avian rescue and oiled wildlife response expertise,https://tristatebird.org/,"""Tri-State Bird Rescue & Research"" wildlife rehabilitation official social media",,,,,,,,
28,B,Pacific Wildlife Care,Morro Bay,CA,Wildlife rehabilitation center,Central Coast native wildlife; hospital/rehab,https://pacificwildlifecare.org/,,@PacificWildlifeCare,https://www.facebook.com/PacificWildlifeCare,@pacificwildlifecare,https://www.instagram.com/pacificwildlifecare/,@pacificwildlifecare,https://www.tiktok.com/@pacificwildlifecare,@PacificWildlifeCare,https://www.youtube.com/@PacificWildlifeCare,,4,High-confidence official seed; verify platform-specific URLs,Active California wildlife rehab organization with patient education,https://pacificwildlifecare.org/,"""Pacific Wildlife Care"" wildlife rehabilitation official social media",,,,,,,,
29,B,Santa Barbara Wildlife Care Network,Santa Barbara,CA,Wildlife hospital / rehab,"Central Coast wildlife; bird, mammal, reptile care",https://www.sbwcn.org/,,@SBWildlifeCareNetwork,https://www.facebook.com/SBWildlifeCareNetwork,@sbwildlifecare,https://www.instagram.com/sbwildlifecare/,@sbwildlifecare,https://www.tiktok.com/@sbwildlifecare,@SBWildlifeCareNetwork,https://www.youtube.com/@SBWildlifeCareNetwork,,4,High-confidence official seed; verify platform-specific URLs,Large new wildlife hospital; strong visual patient content,https://www.sbwcn.org/,"""Santa Barbara Wildlife Care Network"" wildlife rehabilitation official social media",,,,,,,,
30,B,Wildlife Images Rehabilitation & Education Center,Grants Pass,OR,Wildlife rehab / education center,Native wildlife rehab; ambassadors; public education,https://wildlifeimages.org/,,@WildlifeImages,https://www.facebook.com/WildlifeImages,@wildlifeimages,https://www.instagram.com/wildlifeimages/,@wildlifeimages,https://www.tiktok.com/@wildlifeimages,@WildlifeImages,https://www.youtube.com/@WildlifeImages,,4,High-confidence official seed; verify platform-specific URLs,High-recognition Oregon rehab/education center,https://wildlifeimages.org/,"""Wildlife Images Rehabilitation & Education Center"" wildlife rehabilitation official social media",,,,,,,,
31,B,Chintimini Wildlife Center,Corvallis,OR,Wildlife rehabilitation / education,Native wildlife rehab; education programs,https://chintiminiwildlife.org/,https://linktr.ee/chintiminiwildlifecenter,@chintiminiwildlifecenter,https://www.facebook.com/chintiminiwildlifecenter,@chintiminiwildlifecenter,https://www.instagram.com/chintiminiwildlifecenter/,@chintiminiwildlifecenter,https://www.tiktok.com/@chintiminiwildlifecenter,@ChintiminiWildlifeCenter,https://www.youtube.com/@ChintiminiWildlifeCenter,,5,Linktree search snippet confirmed,Active multi-platform education/social seed,https://chintiminiwildlife.org/,"""Chintimini Wildlife Center"" wildlife rehabilitation official social media",,,,,,,,
32,B,Cascade Raptor Center,Eugene,OR,Raptor hospital / nature center,Raptor rehabilitation and public education,https://cascadesraptorcenter.org/,,@CascadeRaptorCenter,https://www.facebook.com/CascadeRaptorCenter,@cascaderaptorcenter,https://www.instagram.com/cascaderaptorcenter/,@cascaderaptorcenter,https://www.tiktok.com/@cascaderaptorcenter,@CascadeRaptorCenter,https://www.youtube.com/@CascadeRaptorCenter,,4,High-confidence official seed; verify platform-specific URLs,Strong raptor education and rehab content,https://cascadesraptorcenter.org/,"""Cascade Raptor Center"" wildlife rehabilitation official social media",,,,,,,,
33,B,Bird Alliance of Oregon Wildlife Care Center,Portland,OR,Wildlife care center,Native wildlife care; conservation education,https://birdallianceoregon.org/our-work/rehabilitate-wildlife/,,@BirdAllianceOregon,https://www.facebook.com/BirdAllianceOregon,@birdallianceoregon,https://www.instagram.com/birdallianceoregon/,@birdallianceoregon,https://www.tiktok.com/@birdallianceoregon,@BirdAllianceOregon,https://www.youtube.com/@BirdAllianceOregon,,4,Formerly Portland Audubon; verify current platform handles,Major urban wildlife care center with content archive under rebrand,https://birdallianceoregon.org/our-work/rehabilitate-wildlife/,"""Bird Alliance of Oregon Wildlife Care Center"" wildlife rehabilitation official social media",,,,,,,,
34,B,Sarvey Wildlife Care Center,Arlington,WA,Wildlife hospital / rehab,Pacific Northwest native wildlife; medical and rehab care,https://sarveywildlife.org/,,@sarveywildlife,https://www.facebook.com/sarveywildlife,@sarveywildlife,https://www.instagram.com/sarveywildlife/,@sarveywildlife,https://www.tiktok.com/@sarveywildlife,@SarveyWildlife,https://www.youtube.com/@SarveyWildlife,,4,High-confidence official seed; verify platform-specific URLs,Known regional wildlife hospital with patient education posts,https://sarveywildlife.org/,"""Sarvey Wildlife Care Center"" wildlife rehabilitation official social media",,,,,,,,
35,B,Liberty Wildlife,Phoenix,AZ,Wildlife hospital / education,Arizona wildlife; raptors; rehabilitation and education,https://libertywildlife.org/,,@LibertyWildlifeAZ,https://www.facebook.com/LibertyWildlifeAZ,@libertywildlifeaz,https://www.instagram.com/libertywildlifeaz/,@libertywildlifeaz,https://www.tiktok.com/@libertywildlifeaz,@LibertyWildlife,https://www.youtube.com/@LibertyWildlife,https://x.com/LibertyWildlife,5,High-confidence official seed; verify platform-specific URLs,Prominent Arizona rehab/education organization with strong public programs,https://libertywildlife.org/,"""Liberty Wildlife"" wildlife rehabilitation official social media",,,,,,,,
36,B,Southwest Wildlife Conservation Center,Scottsdale,AZ,Wildlife rescue / sanctuary,"Mammal rescue, rehabilitation, sanctuary; education",https://www.southwestwildlife.org/,,@SWCCAZ,https://www.facebook.com/SWCCAZ,@southwestwildlife,https://www.instagram.com/southwestwildlife/,@southwestwildlife,https://www.tiktok.com/@southwestwildlife,@SouthwestWildlife,https://www.youtube.com/@SouthwestWildlife,https://x.com/SWCCaz,5,High-confidence official seed; verify platform-specific URLs,Strong rescue/sanctuary education account; useful for mammal content,https://www.southwestwildlife.org/,"""Southwest Wildlife Conservation Center"" wildlife rehabilitation official social media",,,,,,,,
37,B,Tucson Wildlife Center,Tucson,AZ,Wildlife hospital / rehab,Southern Arizona wildlife rescue and rehabilitation,https://tucsonwildlife.com/,,@TucsonWildlifeCenter,https://www.facebook.com/TucsonWildlifeCenter,@tucsonwildlifecenter,https://www.instagram.com/tucsonwildlifecenter/,@tucsonwildlifecenter,https://www.tiktok.com/@tucsonwildlifecenter,@TucsonWildlifeCenter,https://www.youtube.com/@TucsonWildlifeCenter,,4,High-confidence official seed; verify platform-specific URLs,Relevant desert wildlife hospital with public education content,https://tucsonwildlife.com/,"""Tucson Wildlife Center"" wildlife rehabilitation official social media",,,,,,,,
38,B,Southwest Wildlife Foundation of Utah / Enoch Wildlife Rescue,Cedar City,UT,Wildlife rescue / rehab / education,Birds of prey and native wildlife; YouTube education archive,https://www.gowildlife.org/,,@southwestwildlifefoundation,https://www.facebook.com/southwestwildlifefoundation,@swfgowildlife,https://www.instagram.com/swfgowildlife/,@gowildlifeorg,https://www.tiktok.com/@gowildlifeorg,@gowildlifeorg,https://www.youtube.com/gowildlifeorg,https://x.com/gowildlifeorg,5,Official website social links confirmed,Strong educational YouTube and cross-platform presence,https://www.gowildlife.org/,"""Southwest Wildlife Foundation of Utah / Enoch Wildlife Rescue"" wildlife rehabilitation official social media",,,,,,,,
39,B,Alaska Raptor Center,Sitka,AK,Raptor hospital / education,Bald eagles and raptors; rehabilitation and education,https://alaskaraptor.org/,,@AlaskaRaptorCenter,https://www.facebook.com/AlaskaRaptorCenter,@alaskaraptorcenter,https://www.instagram.com/alaskaraptorcenter/,@alaskaraptorcenter,https://www.tiktok.com/@alaskaraptorcenter,@AlaskaRaptorCenter,https://www.youtube.com/@AlaskaRaptorCenter,,4,High-confidence official seed; verify platform-specific URLs,High-recognition raptor rehabilitation center,https://alaskaraptor.org/,"""Alaska Raptor Center"" wildlife rehabilitation official social media",,,,,,,,
40,B,Alaska SeaLife Center Wildlife Response,Seward,AK,Wildlife response / marine rehab,"Marine mammals and seabirds; rescue, rehabilitation, research",https://www.alaskasealife.org/,,@AlaskaSeaLifeCenter,https://www.facebook.com/AlaskaSeaLifeCenter,@alaskasealifecenter,https://www.instagram.com/alaskasealifecenter/,@alaskasealifecenter,https://www.tiktok.com/@alaskasealifecenter,@AlaskaSeaLifeCenter,https://www.youtube.com/@AlaskaSeaLifeCenter,https://x.com/AlaskaSeaLife,5,Uses parent-organization accounts; filter wildlife response posts,Major marine wildlife rehabilitation and research center,https://www.alaskasealife.org/,"""Alaska SeaLife Center Wildlife Response"" wildlife rehabilitation official social media",,,,,,,,
41,B,Bird Treatment and Learning Center,Anchorage,AK,Bird hospital / education,Wild birds and raptors; rehab and education,https://www.birdtlc.org/,,@BirdTLC,https://www.facebook.com/BirdTLC,@bird_tlc,https://www.instagram.com/bird_tlc/,@birdtlc,https://www.tiktok.com/@birdtlc,@BirdTLC,https://www.youtube.com/@BirdTLC,,4,High-confidence official seed; verify platform-specific URLs,Northern avian rehab perspective; strong education potential,https://www.birdtlc.org/,"""Bird Treatment and Learning Center"" wildlife rehabilitation official social media",,,,,,,,
42,B,Teton Raptor Center,Wilson,WY,Raptor center / rehab,"Raptor rehabilitation, research, education",https://tetonraptorcenter.org/,,@TetonRaptorCenter,https://www.facebook.com/TetonRaptorCenter,@tetonraptorcenter,https://www.instagram.com/tetonraptorcenter/,@tetonraptorcenter,https://www.tiktok.com/@tetonraptorcenter,@TetonRaptorCenter,https://www.youtube.com/@TetonRaptorCenter,https://x.com/TetonRaptor,5,High-confidence official seed; verify platform-specific URLs,High-quality raptor education and rehab content,https://tetonraptorcenter.org/,"""Teton Raptor Center"" wildlife rehabilitation official social media",,,,,,,,
43,B,Ohio Wildlife Center,Powell,OH,Wildlife hospital / rehab,Ohio native wildlife; hospital and education,https://www.ohiowildlifecenter.org/,,@OhioWildlifeCenter,https://www.facebook.com/OhioWildlifeCenter,@ohiowildlifecenter,https://www.instagram.com/ohiowildlifecenter/,@ohiowildlifecenter,https://www.tiktok.com/@ohiowildlifecenter,@OhioWildlifeCenter,https://www.youtube.com/@OhioWildlifeCenter,,4,High-confidence official seed; verify platform-specific URLs,Major Ohio wildlife hospital and public education source,https://www.ohiowildlifecenter.org/,"""Ohio Wildlife Center"" wildlife rehabilitation official social media",,,,,,,,
44,B,Back to the Wild,Castalia,OH,Wildlife rehabilitation / education,"Native wildlife rescue, rehab, release, education",https://backtothewild.org/,,@BackToTheWildCastalia,https://www.facebook.com/BackToTheWildCastalia,@backtothewildohio,https://www.instagram.com/backtothewildohio/,@backtothewildohio,https://www.tiktok.com/@backtothewildohio,@BackToTheWildOhio,https://www.youtube.com/@BackToTheWildOhio,,4,High-confidence official seed; verify platform-specific URLs,Recognized Midwest wildlife rehab with strong visual content,https://backtothewild.org/,"""Back to the Wild"" wildlife rehabilitation official social media",,,,,,,,
45,B,Lake Erie Nature & Science Center Wildlife Rehabilitation,Bay Village,OH,Wildlife rehabilitation center,Ohio wildlife; rehab within nature/science center,https://www.lensc.org/wildlife/,,@LakeErieNatureScienceCenter,https://www.facebook.com/LakeErieNatureScienceCenter,@lenaturecenter,https://www.instagram.com/lenaturecenter/,@lenaturecenter,https://www.tiktok.com/@lenaturecenter,@LakeErieNatureScienceCenter,https://www.youtube.com/@LakeErieNatureScienceCenter,,4,Uses parent organization accounts; filter wildlife posts,Important Ohio rehab operation with education content,https://www.lensc.org/wildlife/,"""Lake Erie Nature & Science Center Wildlife Rehabilitation"" wildlife rehabilitation official social media",,,,,,,,
46,B,Wildlife In Need Center,Oconomowoc,WI,Wildlife rehabilitation center,Wisconsin native wildlife; rehab and education,https://www.helpingwildlife.org/,,@wildlifeinneedcenter,https://www.facebook.com/wildlifeinneedcenter,@wildlifeinneedcenter,https://www.instagram.com/wildlifeinneedcenter/,@wildlifeinneedcenter,https://www.tiktok.com/@wildlifeinneedcenter,@WildlifeInNeedCenter,https://www.youtube.com/@WildlifeInNeedCenter,,4,High-confidence official seed; verify platform-specific URLs,Active Midwest wildlife rehab with education programming,https://www.helpingwildlife.org/,"""Wildlife In Need Center"" wildlife rehabilitation official social media",,,,,,,,
47,B,Fellow Mortals Wildlife Hospital,Lake Geneva,WI,Wildlife hospital,Ethical wildlife rehabilitation; birds and mammals,https://fellowmortals.org/,,@fellowmortalswildlifehospital,https://www.facebook.com/fellowmortalswildlifehospital,@fellowmortals,https://www.instagram.com/fellowmortals/,,,,,,2,Official website confirmed; Facebook mentioned on site; other platforms to verify,Respected wildlife hospital; strong educational and ethical relevance,https://fellowmortals.org/,"""Fellow Mortals Wildlife Hospital"" wildlife rehabilitation official social media",,,,,,,,
48,B,"Raptor Education Group, Inc. (REGI)",Antigo,WI,Raptor rehabilitation / education,Raptors and avian wildlife; rehab and education,https://www.raptoreducationgroup.org/,,@RaptorEducationGroupInc,https://www.facebook.com/RaptorEducationGroupInc,@raptoreducationgroup,https://www.instagram.com/raptoreducationgroup/,@raptoreducationgroup,https://www.tiktok.com/@raptoreducationgroup,@RaptorEducationGroup,https://www.youtube.com/@RaptorEducationGroup,,4,High-confidence official seed; verify platform-specific URLs,Known raptor rehab organization; strong patient education content,https://www.raptoreducationgroup.org/,"""Raptor Education Group, Inc. (REGI)"" wildlife rehabilitation official social media",,,,,,,,
49,B,Wild Instincts,Rhinelander,WI,Wildlife rehabilitation center,"Wisconsin wildlife rescue, rehab, education",https://www.wildinstinctsrehab.com/,,@WildInstincts,https://www.facebook.com/WildInstincts,@wildinstincts,https://www.instagram.com/wildinstincts/,@wildinstincts,https://www.tiktok.com/@wildinstincts,@WildInstincts,https://www.youtube.com/@WildInstincts,,4,High-confidence official seed; verify platform-specific URLs,Active wildlife rehab and education organization,https://www.wildinstinctsrehab.com/,"""Wild Instincts"" wildlife rehabilitation official social media",,,,,,,,
50,B,Dane County Humane Society Wildlife Center,Madison,WI,Wildlife center,Wildlife rehabilitation under humane society parent,https://www.giveshelter.org/our-services/wildlife-center,,@DaneCountyHumaneSociety,https://www.facebook.com/DaneCountyHumaneSociety,@giveshelter,https://www.instagram.com/giveshelter/,@giveshelter,https://www.tiktok.com/@giveshelter,@DaneCountyHumaneSociety,https://www.youtube.com/@DaneCountyHumaneSociety,,4,Uses parent organization accounts; filter wildlife center posts,Large humane society wildlife center; good operational education content,https://www.giveshelter.org/our-services/wildlife-center,"""Dane County Humane Society Wildlife Center"" wildlife rehabilitation official social media",,,,,,,,
51,B,Willowbrook Wildlife Center,Glen Ellyn,IL,Wildlife rehabilitation center,Native wildlife rehabilitation and education,https://www.dupageforest.org/places-to-go/centers/willowbrook-wildlife-center,,@WillowbrookWildlifeCenter,https://www.facebook.com/WillowbrookWildlifeCenter,@willowbrookwildlifecenter,https://www.instagram.com/willowbrookwildlifecenter/,,,,,,2,County-operated wildlife center; verify socials under forest preserve if needed,Major Illinois wildlife rehabilitation center,https://www.dupageforest.org/places-to-go/centers/willowbrook-wildlife-center,"""Willowbrook Wildlife Center"" wildlife rehabilitation official social media",,,,,,,,
52,B,Flint Creek Wildlife Rehabilitation,Barrington / Chicago,IL,Wildlife rehabilitation center,Birds and mammals; emergency wildlife care,https://flintcreekwildlife.org/,,@FlintCreekWildlife,https://www.facebook.com/FlintCreekWildlife,@flintcreekwildlife,https://www.instagram.com/flintcreekwildlife/,@flintcreekwildlife,https://www.tiktok.com/@flintcreekwildlife,@FlintCreekWildlife,https://www.youtube.com/@FlintCreekWildlife,,4,High-confidence official seed; verify platform-specific URLs,Prominent Chicagoland wildlife rehab with active rescue content,https://flintcreekwildlife.org/,"""Flint Creek Wildlife Rehabilitation"" wildlife rehabilitation official social media",,,,,,,,
53,B,Wildlife Rescue Center,Ballwin,MO,Wildlife rehabilitation center,Native Missouri wildlife rescue and rehabilitation,https://www.mowildlife.org/,,@wildliferehab,https://www.facebook.com/wildliferehab,@wildliferescuecenter,https://www.instagram.com/wildliferescuecenter/,@wildliferescuecenter,https://www.tiktok.com/@wildliferescuecenter,@WildlifeRescueCenter,https://www.youtube.com/@WildlifeRescueCenter,,4,High-confidence official seed; verify platform-specific URLs,Large St. Louis-area wildlife rehab organization,https://www.mowildlife.org/,"""Wildlife Rescue Center"" wildlife rehabilitation official social media",,,,,,,,
54,B,Wild Bird Rehabilitation,Overland,MO,Wild bird rehabilitation center,Songbirds and wild birds; rehab and education,https://www.wildbirdrehab.org/,,@wildbirdrehab,https://www.facebook.com/wildbirdrehab,@wildbirdrehab,https://www.instagram.com/wildbirdrehab/,@wildbirdrehab,https://www.tiktok.com/@wildbirdrehab,@WildBirdRehab,https://www.youtube.com/@WildBirdRehab,,4,High-confidence official seed; verify platform-specific URLs,Specialized bird rehab with educational value,https://www.wildbirdrehab.org/,"""Wild Bird Rehabilitation"" wildlife rehabilitation official social media",,,,,,,,
55,B,Lakeside Nature Center Wildlife Rehabilitation,Kansas City,MO,Wildlife rehabilitation / nature center,Native wildlife rehabilitation and education,https://lakesidenaturecenter.org/,,@lakesidenaturecenter,https://www.facebook.com/lakesidenaturecenter,@lakesidenaturecenter,https://www.instagram.com/lakesidenaturecenter/,@lakesidenaturecenter,https://www.tiktok.com/@lakesidenaturecenter,@LakesideNatureCenter,https://www.youtube.com/@LakesideNatureCenter,,4,Uses nature center accounts; filter wildlife rehab content,Important Missouri wildlife rehab and education source,https://lakesidenaturecenter.org/,"""Lakeside Nature Center Wildlife Rehabilitation"" wildlife rehabilitation official social media",,,,,,,,
56,B,Walden's Puddle,Joelton,TN,Wildlife rehabilitation center,"Tennessee native wildlife; rescue, rehab, release",https://waldenspuddle.org/,,@waldenspuddle,https://www.facebook.com/waldenspuddle,@waldenspuddle,https://www.instagram.com/waldenspuddle/,@waldenspuddle,https://www.tiktok.com/@waldenspuddle,@WaldensPuddle,https://www.youtube.com/@WaldensPuddle,,4,High-confidence official seed; verify platform-specific URLs,High-recognition Tennessee wildlife rehabilitation center,https://waldenspuddle.org/,"""Walden's Puddle"" wildlife rehabilitation official social media",,,,,,,,
57,B,Appalachian Wildlife Refuge,Candler,NC,Wildlife rehabilitation center,Western NC wildlife; rehab and education,https://www.appalachianwild.org/,,@AppalachianWild,https://www.facebook.com/AppalachianWild,@appalachianwild,https://www.instagram.com/appalachianwild/,@appalachianwild,https://www.tiktok.com/@appalachianwild,@AppalachianWild,https://www.youtube.com/@AppalachianWild,,4,High-confidence official seed; verify platform-specific URLs,Strong education and disaster/weather-relevant rescue content,https://www.appalachianwild.org/,"""Appalachian Wildlife Refuge"" wildlife rehabilitation official social media",,,,,,,,
58,B,Possumwood Acres Wildlife Sanctuary,Hubert,NC,Wildlife rehabilitation / sanctuary,"NC wildlife; rescue, rehab, education",https://possumwoodacres.org/,,@possumwoodacres,https://www.facebook.com/possumwoodacres,@possumwoodacres,https://www.instagram.com/possumwoodacres/,@possumwoodacres,https://www.tiktok.com/@possumwoodacres,@PossumwoodAcres,https://www.youtube.com/@PossumwoodAcres,,4,High-confidence official seed; verify platform-specific URLs,Recognized NC wildlife rehab/sanctuary with broad species content,https://possumwoodacres.org/,"""Possumwood Acres Wildlife Sanctuary"" wildlife rehabilitation official social media",,,,,,,,
59,B,Piedmont Wildlife Center,Durham,NC,Wildlife education / rehab-adjacent,Wildlife education; raptor ambassadors; rehab network content,https://www.piedmontwildlifecenter.org/,,@PiedmontWildlifeCenter,https://www.facebook.com/PiedmontWildlifeCenter,@piedmontwildlife,https://www.instagram.com/piedmontwildlife/,@piedmontwildlife,https://www.tiktok.com/@piedmontwildlife,@PiedmontWildlifeCenter,https://www.youtube.com/@PiedmontWildlifeCenter,,4,Rehab-adjacent; verify current intake/rehab status,Useful education source; include with rehab-status flag,https://www.piedmontwildlifecenter.org/,"""Piedmont Wildlife Center"" wildlife rehabilitation official social media",,,,,,,,
60,B,New Mexico Wildlife Center,Espanola,NM,Wildlife hospital / education,Wildlife hospital; raptors; native wildlife education,https://newmexicowildlifecenter.org/,,@NewMexicoWildlifeCenter,https://www.facebook.com/NewMexicoWildlifeCenter,@newmexicowildlifecenter,https://www.instagram.com/newmexicowildlifecenter/,@newmexicowildlifecenter,https://www.tiktok.com/@newmexicowildlifecenter,@NewMexicoWildlifeCenter,https://www.youtube.com/@NewMexicoWildlifeCenter,,4,High-confidence official seed; verify platform-specific URLs,Southwest wildlife hospital and education center,https://newmexicowildlifecenter.org/,"""New Mexico Wildlife Center"" wildlife rehabilitation official social media",,,,,,,,
61,C,Woodlands Wildlife Refuge,Pittstown,NJ,Wildlife rehabilitation center,New Jersey native wildlife; mammals; education,https://woodlandswildlife.org/,,@WoodlandsWildlifeRefuge,https://www.facebook.com/WoodlandsWildlifeRefuge,@woodlandswildliferefuge,https://www.instagram.com/woodlandswildliferefuge/,@woodlandswildliferefuge,https://www.tiktok.com/@woodlandswildliferefuge,@WoodlandsWildlifeRefuge,https://www.youtube.com/@WoodlandsWildlifeRefuge,,4,High-confidence official seed; verify platform-specific URLs,State-level wildlife rehabilitation center with patient education,https://woodlandswildlife.org/,"""Woodlands Wildlife Refuge"" wildlife rehabilitation official social media",,,,,,,,
62,C,Aark Wildlife Rehabilitation and Education Center,Chalfont,PA,Wildlife rehabilitation / education,Pennsylvania wildlife; rehab and education,https://www.aark.org/,https://linktr.ee/aarkwildliferehab,@aarkwildlife,https://www.facebook.com/aarkwildlife,@aarkwildliferehab,https://www.instagram.com/aarkwildliferehab/,@aarkwildliferehab,https://www.tiktok.com/@aarkwildliferehab,@AarkWildlifeRehab,https://www.youtube.com/@AarkWildlifeRehab,,5,Linktree search snippet confirmed,Active multi-platform wildlife rehab seed,https://www.aark.org/,"""Aark Wildlife Rehabilitation and Education Center"" wildlife rehabilitation official social media",,,,,,,,
63,C,Raven Ridge Wildlife Center,Washington Boro,PA,Wildlife rehabilitation center,Pennsylvania wildlife; rescue and rehab,https://ravenridgewildlifecenter.org/,,@RavenRidgeWildlifeCenter,https://www.facebook.com/RavenRidgeWildlifeCenter,@ravenridgewildlifecenter,https://www.instagram.com/ravenridgewildlifecenter/,@ravenridgewildlifecenter,https://www.tiktok.com/@ravenridgewildlifecenter,@RavenRidgeWildlifeCenter,https://www.youtube.com/@RavenRidgeWildlifeCenter,,4,High-confidence official seed; verify platform-specific URLs,Active Pennsylvania wildlife rehab with broad species content,https://ravenridgewildlifecenter.org/,"""Raven Ridge Wildlife Center"" wildlife rehabilitation official social media",,,,,,,,
64,C,Red Creek Wildlife Center,Schuylkill Haven,PA,Wildlife rehabilitation center,Pennsylvania wildlife; rehab and education,https://redcreekwildlifecenter.com/,,@RedCreekWildlifeCenter,https://www.facebook.com/RedCreekWildlifeCenter,@redcreekwildlifecenter,https://www.instagram.com/redcreekwildlifecenter/,@redcreekwildlifecenter,https://www.tiktok.com/@redcreekwildlifecenter,@RedCreekWildlifeCenter,https://www.youtube.com/@RedCreekWildlifeCenter,,4,High-confidence official seed; verify platform-specific URLs,Regional wildlife center with educational posts,https://redcreekwildlifecenter.com/,"""Red Creek Wildlife Center"" wildlife rehabilitation official social media",,,,,,,,
65,C,Philadelphia Metro Wildlife Center,Norristown,PA,Wildlife rehabilitation center,Urban/suburban wildlife rehabilitation,https://www.phillywildlife.org/,,@PhiladelphiaMetroWildlifeCenter,https://www.facebook.com/PhiladelphiaMetroWildlifeCenter,@phillywildlife,https://www.instagram.com/phillywildlife/,@phillywildlife,https://www.tiktok.com/@phillywildlife,@PhillyWildlife,https://www.youtube.com/@PhillyWildlife,,4,High-confidence official seed; verify platform-specific URLs,Urban wildlife rehab account; useful for coexistence topics,https://www.phillywildlife.org/,"""Philadelphia Metro Wildlife Center"" wildlife rehabilitation official social media",,,,,,,,
66,C,Volunteers for Wildlife,Locust Valley,NY,Wildlife hospital / education,Long Island wildlife; rehabilitation and education,https://www.volunteersforwildlife.org/,,@VolunteersforWildlife,https://www.facebook.com/VolunteersforWildlife,@volunteersforwildlife,https://www.instagram.com/volunteersforwildlife/,@volunteersforwildlife,https://www.tiktok.com/@volunteersforwildlife,@VolunteersforWildlife,https://www.youtube.com/@VolunteersforWildlife,,4,High-confidence official seed; verify platform-specific URLs,Active Long Island wildlife hospital/education source,https://www.volunteersforwildlife.org/,"""Volunteers for Wildlife"" wildlife rehabilitation official social media",,,,,,,,
67,C,Evelyn Alexander Wildlife Rescue Center,Hampton Bays,NY,Wildlife hospital / rehab,Eastern Long Island native wildlife rescue and rehab,https://wildliferescuecenter.org/,,@EvelynAlexanderWRC,https://www.facebook.com/EvelynAlexanderWRC,@eawildliferescue,https://www.instagram.com/eawildliferescue/,@eawildliferescue,https://www.tiktok.com/@eawildliferescue,@EvelynAlexanderWRC,https://www.youtube.com/@EvelynAlexanderWRC,,4,High-confidence official seed; verify platform-specific URLs,Important regional wildlife hospital with patient education content,https://wildliferescuecenter.org/,"""Evelyn Alexander Wildlife Rescue Center"" wildlife rehabilitation official social media",,,,,,,,
68,C,Sweetbriar Nature Center,Smithtown,NY,Wildlife rehabilitation / education,Native wildlife rehabilitation and nature education,https://sweetbriarnc.org/,,@sweetbriarnaturecenter,https://www.facebook.com/sweetbriarnaturecenter,@sweetbriarnaturecenter,https://www.instagram.com/sweetbriarnaturecenter/,@sweetbriarnaturecenter,https://www.tiktok.com/@sweetbriarnaturecenter,@SweetbriarNatureCenter,https://www.youtube.com/@SweetbriarNatureCenter,,4,High-confidence official seed; verify platform-specific URLs,Wildlife rehabilitation plus education/ambassador content,https://sweetbriarnc.org/,"""Sweetbriar Nature Center"" wildlife rehabilitation official social media",,,,,,,,
69,C,Wildlife Rescue Center of the Hamptons,Hampton Bays,NY,Wildlife rescue / rehab,Long Island wildlife rescue and rehabilitation,https://wildliferescuehamptons.org/,,@WildlifeRescueCenterofTheHamptons,https://www.facebook.com/WildlifeRescueCenterofTheHamptons,@wildlife_rescue_center_hamptons,https://www.instagram.com/wildlife_rescue_center_hamptons/,@wildlife_rescue_center_hamptons,https://www.tiktok.com/@wildlife_rescue_center_hamptons,@WildlifeRescueHamptons,https://www.youtube.com/@WildlifeRescueHamptons,,4,Needs verification; use website/contact/social finder,Regional wildlife rescue/rehab; include for Long Island coverage,https://wildliferescuehamptons.org/,"""Wildlife Rescue Center of the Hamptons"" wildlife rehabilitation official social media",,,,,,,,
70,C,Avian Haven,Freedom,ME,Wild bird rehabilitation center,Wild bird rehabilitation and release,https://avianhaven.org/,,@AvianHaven,https://www.facebook.com/AvianHaven,@avianhavenmaine,https://www.instagram.com/avianhavenmaine/,,,,,,2,High-confidence official seed; verify Instagram and any video channels,Specialized bird rehab with deep avian care knowledge,https://avianhaven.org/,"""Avian Haven"" wildlife rehabilitation official social media",,,,,,,,
71,C,City Wildlife,Washington,DC,Wildlife rehabilitation center,"Urban wildlife rescue, rehab, and conflict education",https://citywildlife.org/,,@citywildlife,https://www.facebook.com/citywildlife,@citywildlifedc,https://www.instagram.com/citywildlifedc/,@citywildlifedc,https://www.tiktok.com/@citywildlifedc,@CityWildlifeDC,https://www.youtube.com/@CityWildlifeDC,https://x.com/CityWildlifeDC,5,Official website confirmed; social seed to verify,DC urban wildlife rehab and education source,https://citywildlife.org/programs/rehabilitation-center/,"""City Wildlife"" wildlife rehabilitation official social media",,,,,,,,
72,C,Second Chance Wildlife Center,Gaithersburg,MD,Wildlife rehabilitation center,Maryland wildlife; rehabilitation and education,https://www.scwc.org/,https://linktr.ee/secondchancewildlifecenter,@SecondChanceWildlifeCenter,https://www.facebook.com/SecondChanceWildlifeCenter,@secondchancewildlifecenter,https://www.instagram.com/secondchancewildlifecenter/,@secondchancewildlifecenter,https://www.tiktok.com/@secondchancewildlifecenter,@SecondChanceWildlifeCenter,https://www.youtube.com/@SecondChanceWildlifeCenter,,5,Linktree search snippet confirmed,Active regional rehab center; useful Maryland/DC/Virginia overlap,https://www.scwc.org/,"""Second Chance Wildlife Center"" wildlife rehabilitation official social media",,,,,,,,
73,C,Owl Moon Raptor Center,Boyds,MD,Raptor rehabilitation center,Raptors; rehabilitation and education,https://owlmoon.org/,,@OwlMoonRaptorCenter,https://www.facebook.com/OwlMoonRaptorCenter,@owlmoonraptorcenter,https://www.instagram.com/owlmoonraptorcenter/,@owlmoonraptorcenter,https://www.tiktok.com/@owlmoonraptorcenter,@OwlMoonRaptorCenter,https://www.youtube.com/@OwlMoonRaptorCenter,,4,High-confidence official seed; verify platform-specific URLs,Specialized raptor rehab content source,https://owlmoon.org/,"""Owl Moon Raptor Center"" wildlife rehabilitation official social media",,,,,,,,
74,C,Phoenix Wildlife Center,Phoenix,MD,Wildlife rehabilitation center,Maryland wildlife rehabilitation and education,https://www.phoenixwildlife.org/,,@PhoenixWildlifeCenter,https://www.facebook.com/PhoenixWildlifeCenter,@phoenixwildlifecenter,https://www.instagram.com/phoenixwildlifecenter/,@phoenixwildlifecenter,https://www.tiktok.com/@phoenixwildlifecenter,@PhoenixWildlifeCenter,https://www.youtube.com/@PhoenixWildlifeCenter,,4,High-confidence official seed; verify platform-specific URLs,Maryland wildlife rehab account with patient content,https://www.phoenixwildlife.org/,"""Phoenix Wildlife Center"" wildlife rehabilitation official social media",,,,,,,,
75,C,Wildlife Rescue League,Northern Virginia,VA,Rehabilitator network / nonprofit,Northern Virginia licensed rehabilitator network; helpline and education,https://www.wildliferescueleague.org/,https://linktr.ee/wildliferescueleague,@WildlifeRescueLeague,https://www.facebook.com/WildlifeRescueLeague,@wildliferescueleagueva,https://www.instagram.com/wildliferescueleagueva/,,,@wildliferescueleague,https://www.youtube.com/@wildliferescueleague,https://x.com/wildliferehab,5,Official website/Linktree/YouTube snippets confirmed,Virginia example-adjacent; network model and education resources,https://www.wildliferescueleague.org/,"""Wildlife Rescue League"" wildlife rehabilitation official social media",,,,,,,,
76,C,A.E.R.O. Animal Education and Rescue Organization,Gainesville / Northern Virginia,VA,Home-based rehabilitator network,Virginia native wildlife; rescue and rehabilitation,https://aeroanimalrescue.org/,,@aeroanimalrescue,https://www.facebook.com/aeroanimalrescue,@aeroanimalrescue,https://www.instagram.com/aeroanimalrescue/,@aeroanimalrescue,https://www.tiktok.com/@aeroanimalrescue,,,,3,Official website/Facebook snippets confirmed; other platforms to verify,Virginia example supplied; important local rehabber network,https://aeroanimalrescue.org/,"""A.E.R.O. Animal Education and Rescue Organization"" wildlife rehabilitation official social media",,,,,,,,
77,C,Richmond Wildlife Center,Richmond / Chesterfield,VA,Wildlife rescue / triage / rehab,"Greater Richmond sick, injured, orphaned wildlife",https://www.richmondwildlifecenter.org/,,@RichmondWildlifeCenter,https://www.facebook.com/RichmondWildlifeCenter,@richmondwildlifecenter,https://www.instagram.com/richmondwildlifecenter/,@richmondwildlifecenter,https://www.tiktok.com/@richmondwildlifecenter,@RichmondWildlifeCenter,https://www.youtube.com/@RichmondWildlifeCenter,,4,Official website search snippet confirmed; verify social URLs,Virginia urban wildlife rescue and education source,https://www.richmondwildlifecenter.org/,"""Richmond Wildlife Center"" wildlife rehabilitation official social media",,,,,,,,
78,C,Rockfish Wildlife Sanctuary,Charlottesville area,VA,Wildlife sanctuary / rehabilitation,Central Virginia native wildlife rehabilitation and education,https://www.rockfishwildlifesanctuary.org/,,@RockfishWildlifeSanctuary,https://www.facebook.com/RockfishWildlifeSanctuary,@rockfishwildlifesanctuary,https://www.instagram.com/rockfishwildlifesanctuary/,@rockfishwildlifesanctuary,https://www.tiktok.com/@rockfishwildlifesanctuary,@RockfishWildlifeSanctuary,https://www.youtube.com/@RockfishWildlifeSanctuary,,4,High-confidence official seed; verify platform-specific URLs,Central Virginia coverage; strong local education relevance,https://www.rockfishwildlifesanctuary.org/,"""Rockfish Wildlife Sanctuary"" wildlife rehabilitation official social media",,,,,,,,
79,C,Wildlife Veterinary Care,Virginia / West Virginia / Maryland,VA/WV/MD,Wildlife veterinary care / rehab,Free veterinary and rehabilitative care; wildlife health monitoring,https://www.wildlifeveterinarycare.org/,,@WildlifeVeterinaryCare,https://www.facebook.com/WildlifeVeterinaryCare,@wildlifeveterinarycare,https://www.instagram.com/wildlifeveterinarycare/,,,,,,2,Official website confirmed; socials need verification,Specialized veterinary lens valuable for knowledge database,https://www.wildlifeveterinarycare.org/,"""Wildlife Veterinary Care"" wildlife rehabilitation official social media",,,,,,,,
80,C,Carolina Waterfowl Rescue,Indian Trail,NC,Wildlife rescue / rehabilitation,"Waterfowl, wild birds, farm/wildlife rescue; education",https://cwrescue.org/,,@CarolinaWaterfowlRescue,https://www.facebook.com/CarolinaWaterfowlRescue,@carolinawaterfowlrescue,https://www.instagram.com/carolinawaterfowlrescue/,@carolinawaterfowlrescue,https://www.tiktok.com/@carolinawaterfowlrescue,@CarolinaWaterfowlRescue,https://www.youtube.com/@CarolinaWaterfowlRescue,,4,High-confidence official seed; verify platform-specific URLs,High-activity rescue account with avian/waterfowl education,https://cwrescue.org/,"""Carolina Waterfowl Rescue"" wildlife rehabilitation official social media",,,,,,,,
81,C,Rogers Wildlife Rehabilitation Center,Hutchins,TX,Wild bird rehabilitation center,"Birds and waterfowl; rescue, rehab, release",https://rogerswildlife.org/,,@RogersWildlifeRehabilitationCenter,https://www.facebook.com/RogersWildlifeRehabilitationCenter,@rogerswildliferehab,https://www.instagram.com/rogerswildliferehab/,@rogerswildliferehab,https://www.tiktok.com/@rogerswildliferehab,@RogersWildlifeRehab,https://www.youtube.com/@RogersWildlifeRehab,,4,High-confidence official seed; verify platform-specific URLs,Prominent Texas bird rehab with high education potential,https://rogerswildlife.org/,"""Rogers Wildlife Rehabilitation Center"" wildlife rehabilitation official social media",,,,,,,,
82,C,TWRC Wildlife Center,Houston,TX,Wildlife rehabilitation center,Houston-area wildlife rehabilitation and education,https://www.twrcwildlifecenter.org/,,@twrcwildlifecenter,https://www.facebook.com/twrcwildlifecenter,@twrcwildlifecenter,https://www.instagram.com/twrcwildlifecenter/,@twrcwildlifecenter,https://www.tiktok.com/@twrcwildlifecenter,@TWRCWildlifeCenter,https://www.youtube.com/@TWRCWildlifeCenter,,4,High-confidence official seed; verify platform-specific URLs,Major Houston-area wildlife rehab center,https://www.twrcwildlifecenter.org/,"""TWRC Wildlife Center"" wildlife rehabilitation official social media",,,,,,,,
83,C,"Wildlife Rescue & Rehabilitation, Inc.",Kendalia / San Antonio,TX,Wildlife rescue / rehab / sanctuary,Native wildlife rehabilitation and sanctuary care,https://wildlife-rescue.org/,,@wildliferescuerehab,https://www.facebook.com/wildliferescuerehab,@wildliferescuerehab,https://www.instagram.com/wildliferescuerehab/,@wildliferescuerehab,https://www.tiktok.com/@wildliferescuerehab,@WildlifeRescueRehab,https://www.youtube.com/@WildlifeRescueRehab,,4,High-confidence official seed; verify platform-specific URLs,Longstanding Texas wildlife rescue/rehab organization,https://wildlife-rescue.org/,"""Wildlife Rescue & Rehabilitation, Inc."" wildlife rehabilitation official social media",,,,,,,,
84,C,Houston SPCA Wildlife Center of Texas,Houston,TX,Wildlife center / hospital,Wildlife rehabilitation under Houston SPCA parent,https://houstonspca.org/wildlife-center/,,@HoustonSPCA,https://www.facebook.com/HoustonSPCA,@houstonspca,https://www.instagram.com/houstonspca/,@houstonspca,https://www.tiktok.com/@houstonspca,@HoustonSPCA,https://www.youtube.com/@HoustonSPCA,https://x.com/HoustonSPCA,5,Uses parent-organization accounts; filter wildlife center posts,Large institutional wildlife center with rescue/education content,https://houstonspca.org/wildlife-center/,"""Houston SPCA Wildlife Center of Texas"" wildlife rehabilitation official social media",,,,,,,,
85,C,Center for Birds of Prey / Avian Conservation Center,Awendaw,SC,Avian medical clinic / education,Birds of prey and shorebirds; medical care and conservation,https://www.thecenterforbirdsofprey.org/,,@CenterforBirdsofPrey,https://www.facebook.com/CenterforBirdsofPrey,@centerforbirdsofprey,https://www.instagram.com/centerforbirdsofprey/,@centerforbirdsofprey,https://www.tiktok.com/@centerforbirdsofprey,@CenterforBirdsofPrey,https://www.youtube.com/@CenterforBirdsofPrey,,4,High-confidence official seed; verify platform-specific URLs,Specialized avian medicine and conservation education,https://www.thecenterforbirdsofprey.org/,"""Center for Birds of Prey / Avian Conservation Center"" wildlife rehabilitation official social media",,,,,,,,
86,C,Audubon Center for Birds of Prey,Maitland,FL,Raptor rehabilitation center,Raptor rehabilitation and conservation education,https://cbop.audubon.org/,,@AudubonCenterforBirdsofPrey,https://www.facebook.com/AudubonCenterforBirdsofPrey,@auduboncbop,https://www.instagram.com/auduboncbop/,@auduboncbop,https://www.tiktok.com/@auduboncbop,@AudubonCBOP,https://www.youtube.com/@AudubonCBOP,https://x.com/AudubonCBOP,5,High-confidence official seed; verify platform-specific URLs,Florida raptor rehab and education content,https://cbop.audubon.org/,"""Audubon Center for Birds of Prey"" wildlife rehabilitation official social media",,,,,,,,
87,C,Seaside Seabird Sanctuary,Indian Shores,FL,Seabird rehabilitation / sanctuary,"Wild birds, seabirds; rescue, rehab, education",https://seasideseabirdsanctuary.org/,,@SeasideSeabirdSanctuary,https://www.facebook.com/SeasideSeabirdSanctuary,@seasideseabirdsanctuary,https://www.instagram.com/seasideseabirdsanctuary/,@seasideseabirdsanctuary,https://www.tiktok.com/@seasideseabirdsanctuary,@SeasideSeabirdSanctuary,https://www.youtube.com/@SeasideSeabirdSanctuary,,4,High-confidence official seed; verify platform-specific URLs,Seabird-specific rescue/rehab content source,https://seasideseabirdsanctuary.org/,"""Seaside Seabird Sanctuary"" wildlife rehabilitation official social media",,,,,,,,
88,C,Emerald Coast Wildlife Refuge,Navarre,FL,Wildlife refuge / rehab,Native wildlife rehabilitation and education,https://emeraldcoastwildliferefuge.org/,,@EmeraldCoastWildlifeRefuge,https://www.facebook.com/EmeraldCoastWildlifeRefuge,@emeraldcoastwildliferefuge,https://www.instagram.com/emeraldcoastwildliferefuge/,@emeraldcoastwildliferefuge,https://www.tiktok.com/@emeraldcoastwildliferefuge,@EmeraldCoastWildlifeRefuge,https://www.youtube.com/@EmeraldCoastWildlifeRefuge,,4,High-confidence official seed; verify platform-specific URLs,Florida panhandle wildlife rehab and education source,https://emeraldcoastwildliferefuge.org/,"""Emerald Coast Wildlife Refuge"" wildlife rehabilitation official social media",,,,,,,,
89,C,Wetlands & Wildlife Care Center,Huntington Beach,CA,Wildlife hospital / rehabilitation,"Coastal Southern California wildlife; birds, mammals, reptiles",https://www.wwccoc.org/,,@WWCCHB,https://www.facebook.com/WWCCHB,@wetlandsandwildlifecarecenter,https://www.instagram.com/wetlandsandwildlifecarecenter/,@wetlandswildlifecarecenter,https://www.tiktok.com/@wetlandswildlifecarecenter,@WetlandsWildlifeCareCenter,https://www.youtube.com/@WetlandsWildlifeCareCenter,,4,High-confidence official seed; verify platform-specific URLs,Coastal wildlife hospital with seabird/mammal education content,https://www.wwccoc.org/,"""Wetlands & Wildlife Care Center"" wildlife rehabilitation official social media",,,,,,,,
90,C,Ojai Raptor Center,Ojai,CA,Raptor rehabilitation center,"Raptors and wildlife; rehabilitation, release, education",https://www.ojairaptorcenter.org/,,@OjaiRaptorCenter,https://www.facebook.com/OjaiRaptorCenter,@ojairaptorcenter,https://www.instagram.com/ojairaptorcenter/,@ojairaptorcenter,https://www.tiktok.com/@ojairaptorcenter,@OjaiRaptorCenter,https://www.youtube.com/@OjaiRaptorCenter,,4,High-confidence official seed; verify platform-specific URLs,Raptor rehab source with visual patient/release content,https://www.ojairaptorcenter.org/,"""Ojai Raptor Center"" wildlife rehabilitation official social media",,,,,,,,
91,C,Bird Rescue Center,Santa Rosa,CA,Wild bird rehabilitation center,"Wild birds; rescue, rehab, release",https://birdrescuecenter.org/,,@birdrescuecenter,https://www.facebook.com/birdrescuecenter,@birdrescuecenter,https://www.instagram.com/birdrescuecenter/,@birdrescuecenter,https://www.tiktok.com/@birdrescuecenter,@BirdRescueCenter,https://www.youtube.com/@BirdRescueCenter,,4,High-confidence official seed; verify platform-specific URLs,Specialized wild bird rehab center in Northern California,https://birdrescuecenter.org/,"""Bird Rescue Center"" wildlife rehabilitation official social media",,,,,,,,
92,C,Sonoma County Wildlife Rescue,Petaluma,CA,Wildlife rescue / rehabilitation,"Native wildlife rescue, rehab, exclusion education",https://scwildliferescue.org/,,@SCWildlifeRescue,https://www.facebook.com/SCWildlifeRescue,@sonomacountywildliferescue,https://www.instagram.com/sonomacountywildliferescue/,@sonomacountywildliferescue,https://www.tiktok.com/@sonomacountywildliferescue,@SonomaCountyWildlifeRescue,https://www.youtube.com/@SonomaCountyWildlifeRescue,,4,High-confidence official seed; verify platform-specific URLs,High-activity county wildlife rescue and coexistence content,https://scwildliferescue.org/,"""Sonoma County Wildlife Rescue"" wildlife rehabilitation official social media",,,,,,,,
93,C,Gold Country Wildlife Rescue,Auburn,CA,Wildlife rehabilitation center,Sierra foothills native wildlife; rehab and education,https://goldcountrywildliferescue.org/,,@GoldCountryWildlifeRescue,https://www.facebook.com/GoldCountryWildlifeRescue,@goldcountrywildliferescue,https://www.instagram.com/goldcountrywildliferescue/,@goldcountrywildliferescue,https://www.tiktok.com/@goldcountrywildliferescue,@GoldCountryWildlifeRescue,https://www.youtube.com/@GoldCountryWildlifeRescue,,4,High-confidence official seed; verify platform-specific URLs,Important Northern California rehab source with patient content,https://goldcountrywildliferescue.org/,"""Gold Country Wildlife Rescue"" wildlife rehabilitation official social media",,,,,,,,
94,C,Native Animal Rescue,Santa Cruz,CA,Wildlife rehabilitation center,"Wild birds, mammals, reptiles; native wildlife rehabilitation",https://nativeanimalrescue.org/,,@NativeAnimalRescue,https://www.facebook.com/NativeAnimalRescue,@nativeanimalrescue,https://www.instagram.com/nativeanimalrescue/,@nativeanimalrescue,https://www.tiktok.com/@nativeanimalrescue,@NativeAnimalRescue,https://www.youtube.com/@NativeAnimalRescue,,4,High-confidence official seed; verify platform-specific URLs,Central Coast rehab organization with education potential,https://nativeanimalrescue.org/,"""Native Animal Rescue"" wildlife rehabilitation official social media",,,,,,,,
95,C,Yggdrasil Urban Wildlife Rescue,Oakland,CA,Urban wildlife rescue / rehab,Urban wildlife rescue and rehabilitation,https://yuwr.org/,,@YggdrasilUrbanWildlifeRescue,https://www.facebook.com/YggdrasilUrbanWildlifeRescue,@yggdrasilurbanwildlife,https://www.instagram.com/yggdrasilurbanwildlife/,@yggdrasilurbanwildlife,https://www.tiktok.com/@yggdrasilurbanwildlife,@YggdrasilUrbanWildlife,https://www.youtube.com/@YggdrasilUrbanWildlife,,4,Needs verification; use social finder on website and name,Urban wildlife perspective; useful for human-wildlife coexistence,https://yuwr.org/,"""Yggdrasil Urban Wildlife Rescue"" wildlife rehabilitation official social media",,,,,,,,
96,C,Turtle Ridge Wildlife Center,Salem,OR,Wildlife rehabilitation center,Oregon native wildlife; rehab and education,https://turtleridgewildlifecenter.org/,,@TurtleRidgeWildlifeCenter,https://www.facebook.com/TurtleRidgeWildlifeCenter,@turtleridgewildlife,https://www.instagram.com/turtleridgewildlife/,@turtleridgewildlife,https://www.tiktok.com/@turtleridgewildlife,@TurtleRidgeWildlife,https://www.youtube.com/@TurtleRidgeWildlife,,4,High-confidence official seed; verify platform-specific URLs,Useful Oregon mammal/bird/reptile rehab source,https://turtleridgewildlifecenter.org/,"""Turtle Ridge Wildlife Center"" wildlife rehabilitation official social media",,,,,,,,
97,C,Badger Run Wildlife Rehab,Klamath Falls,OR,Wildlife rehabilitation center,Injured and orphaned wildlife; education,https://www.badgerrun.org/,,@BadgerRunWildlifeRehab,https://www.facebook.com/BadgerRunWildlifeRehab,@badgerrunwildliferehab,https://www.instagram.com/badgerrunwildliferehab/,,,@BadgerRunWildlifeRehab,https://www.youtube.com/@BadgerRunWildlifeRehab,,3,Official website search snippet confirmed; verify social URLs,Regional Oregon rehab center; included for geographic breadth,https://www.badgerrun.org/,"""Badger Run Wildlife Rehab"" wildlife rehabilitation official social media",,,,,,,,
98,C,"Nebraska Wildlife Rehab, Inc.",Omaha,NE,Wildlife rehabilitation center,Nebraska wildlife rehabilitation and education,https://nebraskawildliferehab.org/,,@NebraskaWildlifeRehab,https://www.facebook.com/NebraskaWildlifeRehab,@nebraskawildliferehab,https://www.instagram.com/nebraskawildliferehab/,@nebraskawildliferehab,https://www.tiktok.com/@nebraskawildliferehab,@NebraskaWildlifeRehab,https://www.youtube.com/@NebraskaWildlifeRehab,,4,High-confidence official seed; verify platform-specific URLs,Key Nebraska wildlife rehab organization,https://nebraskawildliferehab.org/,"""Nebraska Wildlife Rehab, Inc."" wildlife rehabilitation official social media",,,,,,,,
99,C,Fontenelle Forest Raptor Recovery,Omaha,NE,Raptor rehabilitation program,"Raptor rescue, rehabilitation, education",https://fontenelleforest.org/raptor-recovery/,,@RaptorRecoveryNE,https://www.facebook.com/RaptorRecoveryNE,@fontenelleforestraptorrecovery,https://www.instagram.com/fontenelleforestraptorrecovery/,@fontenelleforestraptorrecovery,https://www.tiktok.com/@fontenelleforestraptorrecovery,@RaptorRecoveryNE,https://www.youtube.com/@RaptorRecoveryNE,,4,Needs verification; may use parent Fontenelle Forest accounts,Regional raptor rehab program with education content,https://fontenelleforest.org/raptor-recovery/,"""Fontenelle Forest Raptor Recovery"" wildlife rehabilitation official social media",,,,,,,,
100,C,Iowa Bird Rehabilitation,Iowa City,IA,Wild bird rehabilitation center,Wild birds; rehabilitation and education,https://iowabirdrehab.org/,,@IowaBirdRehab,https://www.facebook.com/IowaBirdRehab,@iowabirdrehab,https://www.instagram.com/iowabirdrehab/,@iowabirdrehab,https://www.tiktok.com/@iowabirdrehab,@IowaBirdRehab,https://www.youtube.com/@IowaBirdRehab,,4,High-confidence official seed; verify platform-specific URLs,Specialized bird rehab source; geographic breadth,https://iowabirdrehab.org/,"""Iowa Bird Rehabilitation"" wildlife rehabilitation official social media",,,,,,,,
